learning_rate,strength,num_iterations,regularization,train_accuracy,val_accuracy,test_accuracy,loss
0.0,0.0,1,None,0.49901383758061485,0.5020663744520977,0.507137490608565,0.6931271807599427
0.0,0.0,1,None,0.49901383758061485,0.5020663744520977,0.507137490608565,0.6931271807599427
0.01,0.2,1000,L1,0.7929998121595392,0.7564182842830307,0.7483095416979715,0.4420983008710231
0.01,0.2,1000,L2,0.7928432784421764,0.7572949279899812,0.7491860756323566,0.44488219487729225
0.01,0.2,1000,L1,0.7929998121595392,0.7564182842830307,0.7483095416979715,0.4420983008710231
