learning_rate,strength,num_iterations,regularization,train_accuracy,val_accuracy,test_accuracy,loss
0.0,0.0,1,None,0.8639408928683239,0.7471509079524108,0.7479338842975206,0.6820893882479389
0.0,0.0,1,None,0.8639408928683239,0.7471509079524108,0.7479338842975206,0.6820893882479389
