learning_rate,strength,num_iterations,regularization,train_accuracy,val_accuracy,test_accuracy,loss
0.01,0.2,1000,L1,0.4785705340930436,0.48490920475892296,0.4740796393688956,1.0001051572549127
0.01,0.001,1000,L1,0.6646265105503726,0.6657482780212899,0.6620335587277736,0.9920034865592554
0.01,0.001,100000,L1,0.6838018909273057,0.6804007514088917,0.6819434009516654,0.8246676953307366
0.01,0.001,100000,L1,0.6795911339302486,0.6790231684408266,0.6824442774855998,0.8247386665618416
